Masked Text,Model,flag,username,timestamp
Hello I'm a <mask> model.,xlm-roberta-base,,,2023-11-07 18:10:58.364569
<mask> is the capital of Texas,xlm-roberta-base,,,2023-11-07 18:11:09.430696
I love playing <mask>ball at the beach.,xlm-roberta-base,,,2023-11-07 18:11:20.136889
I love playing <mask>ball at the beach.,xlm-roberta-large,,,2023-11-07 18:11:32.511794
<mask> is the capital of Texas,xlm-roberta-large,,,2023-11-07 18:11:45.396520
Hello I'm a <mask> model.,xlm-roberta-base,,,2023-11-08 06:13:33.478621
I love playing <mask>ball at the beach.,xlm-roberta-base,,,2023-11-08 06:13:40.142853
I enjoy sex with Prisca espacilly when I come to her <mask> that empty my balls.,xlm-roberta-base,,,2023-11-08 06:16:00.805488
I enjoy sex with Prisca espacilly when I come to her <mask> that empty my balls.,xlm-roberta-large,,,2023-11-08 06:16:26.792623
Ohio voters approve <mask> amendment that protects access to abortion,xlm-roberta-large,,,2023-11-08 06:18:23.488402
Ohio <mask> approve constitutional amendment that protects access to abortion,xlm-roberta-large,,,2023-11-08 06:19:33.279289
Record temperatures in October indicate 2023 will be <mask> year in history,xlm-roberta-large,,,2023-11-08 06:23:40.244466
<mask> is the capital and largest city of Uganda,xlm-roberta-large,,,2023-11-11 11:29:00.258360
<mask> is the capital of Oregon,xlm-roberta-large,,,2023-11-11 11:29:04.076270
Hello I'm a <mask> model.,xlm-roberta-large,,,2023-11-11 11:29:06.729525
Ohio <mask> approve constitutional amendment that protects access to abortion,xlm-roberta-large,,,2023-11-11 11:29:09.329810
Record temperatures in October indicate 2023 will be <mask> year in history,xlm-roberta-large,,,2023-11-11 11:29:16.133194
